date,open,high,low,close,volume
2022-09-12,109.95,110.58,108.9,109.82,22966752
2022-09-13,106.79,107.29,103.12,103.34,38172871
2022-09-14,103.59,104.29,102.69,104.02,26395134
2022-09-15,103.06,104.28,101.39,101.95,34188284
2022-09-16,101.11,102.16,100,101.84,42797172
2022-09-19,100.8,102.36,100.6,102.11,23036811
2022-09-20,101.12,101.41,99.58,100.19,26517123
2022-09-21,100.72,101.92,98.34,98.35,31487265
2022-09-22,97.89,100.29,97.87,99.2,34298619
2022-09-23,98.7,98.73,96.56,97.82,31625437
2022-09-26,97.18,98.95,96.88,97.25,27072662
2022-09-27,98.5,99.06,95.96,96.59,30072781
2022-09-28,96.74,99.76,96.2,99.11,32466323
2022-09-29,97.72,97.72,95.06,96.51,31047224
2022-09-30,96.14,97.97,94.67,94.75,32941493
2022-10-03,95.85,98.36,95.62,97.72,27982031
2022-10-04,99.5,100.89,99.44,100.69,28850773
2022-10-05,98.9,100.98,97.88,100.48,22176903
2022-10-06,99.74,101.97,99.65,100.47,22323989
2022-10-07,98.92,99.59,97.38,97.76,27502765
2022-10-10,98.07,98.17,96.1,96.94,18225094
2022-10-11,96.52,98.32,95.41,96.27,26507103
2022-10-12,96.39,97.83,95.83,96.65,21876362
2022-10-13,94.26,98.85,93.5,98.13,34574549
2022-10-14,99.05,99.75,95.47,95.66,25410674
2022-10-17,97.93,99.99,97.9,99.03,28419192
2022-10-18,102.16,102.5,99.03,99.83,24060671
2022-10-19,99.07,100.07,97.99,98.7,23811064
2022-10-20,99.06,101.36,98.46,99.03,25323202
2022-10-21,96.93,100.36,96.81,100.18,32458722
2022-10-24,100.85,101.79,99.04,101.56,27176417
2022-10-25,101.94,103.84,101.76,103.5,40611375
2022-10-26,95.53,97.39,93.8,94.04,88279042
2022-10-27,93.64,94.54,90.94,91.36,60710859
2022-10-28,91.41,95.65,91.27,95.39,43697286
2022-10-31,94.53,95.13,93.1,93.63,31675036
2022-11-01,94.56,95.13,89.52,89.62,47161351
2022-11-02,90.09,90.33,86.07,86.16,57038282
2022-11-03,85.51,85.71,82.56,82.65,61288019
2022-11-04,84.6,85.83,82.93,85.77,51124904
2022-11-07,86.46,88.07,86.04,87.66,34078912
2022-11-08,88.07,89.47,86.77,88.07,30429025
2022-11-09,87.62,88.6,86.46,86.5,31769099
2022-11-10,91.39,93.51,90.75,93.06,51620136
2022-11-11,93.8,96.02,93.04,95.51,33090482
2022-11-14,94.2,95.88,93.63,94.8,30179539
2022-11-15,97.34,99.2,95.8,97.52,41640816
2022-11-16,96.98,98.71,96.73,97.92,29105154
2022-11-17,96.06,98.35,95.88,97.44,26052599
2022-11-18,97.85,97.97,95.47,96.52,28342297
2022-11-21,96.38,97.48,94.47,94.71,21647387
2022-11-22,95.05,96.31,93.17,96.14,23438480
2022-11-23,96.18,97.84,96.18,97.54,18868092
2022-11-25,97.32,97.72,96.49,96.55,9701441
2022-11-28,96.13,96.67,94.72,95.15,26252433
2022-11-29,94.83,95.22,93.23,94.3,20061720
2022-11-30,93.93,100.09,93.54,100.04,43647481
2022-12-01,100.07,101.29,99.31,100.04,28687096
2022-12-02,98.12,99.83,97.97,99.5,21480703
2022-12-05,98.47,100.43,98.07,98.55,24405087
2022-12-06,98.37,98.85,95.52,96.07,24910655
2022-12-07,95.51,95.97,93.83,94.05,31045449
2022-12-08,94.49,94.69,92.58,92.83,32213288
2022-12-09,92.89,93.38,91.88,91.96,28225448
2022-12-12,91.84,92.68,90.75,92.44,29009013
2022-12-13,96.84,98.6,94.14,94.73,40593656
2022-12-14,94.31,95.96,92.72,94.18,28733599
2022-12-15,92.26,92.76,89.17,90.01,40107033
2022-12-16,89.91,90.48,88.68,89.42,58011847
2022-12-19,89.42,89.71,87.38,87.61,29493030
2022-12-20,87.29,88.35,86.62,88.19,23453836
2022-12-21,88.25,89.38,87.49,88.74,24745637
2022-12-22,87.33,87.71,85.51,86.94,27658293
2022-12-23,86.29,88.71,86.25,88.39,23003035
2022-12-27,87.97,88.11,86.2,86.57,20097346
2022-12-28,86.17,87.22,85.14,85.21,19523176
2022-12-29,85.81,88.02,85.8,87.62,23333537
2022-12-30,86.17,87.47,85.76,87.4,23986297
2023-01-03,88.75,90.2,87.69,88.29,28131224
2023-01-04,89.5,89.8,86.45,87.26,34854776
2023-01-05,86.65,86.75,85.1,85.39,27194375
2023-01-06,85.98,86.87,84.07,86.52,41381495
2023-01-09,87.53,89.21,87.04,87.2,29003901
2023-01-10,85.18,87.84,85.03,87.59,30467755
2023-01-11,88.35,90.74,88.18,90.66,26861969
2023-01-12,90.62,91.01,88.91,90.28,30258135
2023-01-13,90,91.33,89.29,91.26,26329212
2023-01-17,91.2,91.39,89.21,90.44,32602423
2023-01-18,91.28,91.93,89.79,90.27,29116691
2023-01-19,89.87,92.73,89.78,92.18,37000395
2023-01-20,94.21,97.38,94.13,97.1,63191078
2023-01-23,97.03,99.1,96.59,98.86,40005055
2023-01-24,97.18,98.68,96.29,96.79,33078512
2023-01-25,94.68,95.26,92.88,94.33,42329952
2023-01-26,95.6,96.66,94.49,96.61,30113974
2023-01-27,96.4,99.38,96.4,98.44,33879753
2023-01-30,96.57,97.37,95.5,96.03,27226198
2023-01-31,95.96,97.95,95.91,97.91,29870669
2023-02-01,97.79,100.24,96.67,99.49,35531104
2023-02-02,104.81,106.84,104.62,106.73,69883762
2023-02-03,101.97,106.8,101.62,103.8,65309261
2023-02-06,101.44,103.38,100.93,101.94,31999562
2023-02-07,102.25,107.17,102.15,106.63,49010230
2023-02-08,101.09,102.17,97.12,98.44,94743515
2023-02-09,99.06,99.09,92.75,94.12,119455020
2023-02-10,94.56,95.84,93.37,93.68,54980696
2023-02-13,93.85,94.31,92.96,93.72,50076120
2023-02-14,93.55,93.96,91.4,93.79,54726120
2023-02-15,93.61,96.21,93.27,96.03,50298481
2023-02-16,94.48,96.77,93.85,94.62,42462618
2023-02-17,93.96,94.67,92.34,93.47,34284118
2023-02-21,92.13,92.23,90.86,90.93,33629256
2023-02-22,90.84,91.25,89.76,90.79,30884017
2023-02-23,91.06,91.08,88.92,90.04,41206380
2023-02-24,88.6,89.05,87.75,88.3,36585093
2023-02-27,89.03,89.32,88.5,89.03,27502302
2023-02-28,88.49,90.38,88.48,89.22,30142039
2023-03-01,89.14,90.18,88.83,89.51,31111225
2023-03-02,88.82,91.42,88.75,91.14,32226229
2023-03-03,91.61,92.85,91.58,92.77,35160105
2023-03-06,93.14,95.07,93.12,94.24,32639313
2023-03-07,94.09,94.77,92.65,92.98,27835476
2023-03-08,93.24,95.06,93.12,93.37,34103265
2023-03-09,93.17,94.64,91.04,91.46,28813532
2023-03-10,91.31,91.92,89.55,89.78,35941046
2023-03-13,89.25,91.7,88.58,90.26,37335573
2023-03-14,91.69,93.48,91.57,93.09,36050214
2023-03-15,92.35,96.02,91.77,95.21,50622050
2023-03-16,95.3,100.24,94.61,99.38,65567656
2023-03-17,99.32,101.88,99.16,100.67,61028547
2023-03-20,99.18,100.8,98.94,100.27,32960440
2023-03-21,100.3,104.12,100.27,103.94,42110279
2023-03-22,103.29,105.59,102.36,102.4,43427419
2023-03-23,104.08,105.3,103.48,104.61,40797769
2023-03-24,104.01,104.5,102.87,104.45,30411043
2023-03-27,103.64,103.78,100.98,101.5,31120864
2023-03-28,101.48,101.49,98.81,100.08,32057865
2023-03-29,101.32,101.53,99.71,100.44,28779572
2023-03-30,99.97,100.21,98.85,99.95,33086183
2023-03-31,100.35,102.92,100.09,102.76,36863369
2023-04-03,101.43,103.55,100.98,103.38,25035399
2023-04-04,103.35,104.59,103.07,103.74,24420079
2023-04-05,104.79,105.11,102.69,103.49,28290503
2023-04-06,104.27,108.15,103.35,107.41,48711480
2023-04-10,105.98,106.58,104.14,105.44,27067355
2023-04-11,105.55,105.73,103.7,104.36,26311803
2023-04-12,105.58,105.75,103.36,103.66,24370274
2023-04-13,104.85,106.48,104.85,106.42,24843579
2023-04-14,105.89,107.92,105.84,107.85,26578002
2023-04-17,103.68,105.17,103.54,104.98,37571218
2023-04-18,105.49,105.54,103.1,103.52,26596445
2023-04-19,102.61,104,102.11,103.2,20905684
2023-04-20,102.94,105.26,102.9,104.3,27820794
2023-04-21,104.48,105.01,103.8,104.42,25800082
2023-04-24,104.5,105.63,103.72,104.98,23542829
2023-04-25,104.84,105.69,102.87,102.88,46664104
2023-04-26,103.94,105.35,101.67,102.74,53347560
2023-04-27,103.47,107.36,102.57,106.58,50089187
2023-04-28,106.04,106.35,104.11,106.34,36139847
2023-05-01,105.84,106.98,105.82,106.2,26681680
2023-05-02,106.14,106.2,102.74,104.33,30997245
2023-05-03,104.54,106.48,103.98,104.42,21795405
2023-05-04,104.5,104.61,103,103.71,23419506
2023-05-05,103.84,104.89,103.14,104.58,26639254
2023-05-08,104.2,106.95,104.18,106.76,26511445
2023-05-09,107.38,109.12,106.19,106.35,36360141
2023-05-10,106.96,111.88,106.92,110.7,63153367
2023-05-11,114.32,116.82,113.34,115.48,78900029
2023-05-12,115.59,116.93,115.02,116.41,41102330
2023-05-15,115.02,117.37,114.92,115.42,36266765
2023-05-16,115.4,119.62,115.34,118.39,45035558
2023-05-17,118.49,120.53,117.78,119.71,33323588
2023-05-18,119.82,122.16,119.7,121.68,35234233
2023-05-19,122.39,124.79,121.01,121.61,41353445
2023-05-22,121.79,125.25,121.59,123.88,35253034
2023-05-23,123,123.46,121.07,121.41,34046251
2023-05-24,119.99,120.77,118.74,119.77,34182635
2023-05-25,123.35,124.15,120.82,122.32,42316986
2023-05-26,122.02,124.09,121.3,123.44,35635937
2023-05-30,124.46,124.48,120.86,122.51,35076658
2023-05-31,121.6,122.9,121.35,121.72,37325787
2023-06-01,121.67,123.26,121.47,122.56,30772683
2023-06-02,122.83,124.97,122.6,123.5,26980147
2023-06-05,122.85,126.24,122.68,124.83,32305531
2023-06-06,124.83,127.09,124.19,126.12,26638295
2023-06-07,125.78,127.83,120.98,121.35,52538986
2023-06-08,121.09,122.08,120.11,121,29389167
2023-06-09,121.11,122.6,120.77,121.09,23778319
2023-06-12,121.64,122.89,120.52,122.48,28338743
2023-06-13,123.81,123.99,122.03,122.67,22278313
2023-06-14,121.95,122.89,120.31,122.51,30592297
2023-06-15,121.99,124.29,121.25,123.92,35246268
2023-06-16,124.75,124.93,122.13,122.37,45535553
2023-06-20,121.78,123.4,121,121.95,26097492
2023-06-21,121.25,121.51,118.98,119.42,30306336
2023-06-22,118.88,122.09,117.72,122,26952246
2023-06-23,120.24,121.64,119.93,121.19,34913637
2023-06-26,119.63,120.86,117.16,117.23,33969897
2023-06-27,115.98,117.97,115.01,117.22,39535936
2023-06-28,115.99,119.26,115.76,119.06,27091449
2023-06-29,118.12,118.94,117.19,117.99,24090902
2023-06-30,119.05,119.95,118.57,118.58,29532241
2023-07-03,118.12,119.06,117.71,118.78,14467850
2023-07-05,118.12,121.46,118.11,120.61,27584809
2023-07-06,118.68,119.17,117.29,118.99,24778801
2023-07-07,118.98,119.92,118.28,118.36,21709549
2023-07-10,117.19,117.2,115.05,115.36,35315235
2023-07-11,115.2,116.61,114.27,116.04,23078782
2023-07-12,117.69,119.2,117.3,117.82,30404409
2023-07-13,119.8,123.66,119.32,123.37,44297915
2023-07-14,123.63,125.59,122.33,124.25,33283076
2023-07-17,124.76,125.91,123.04,123.48,25716215
2023-07-18,123.43,123.51,121.81,122.6,26226447
2023-07-19,123.43,124.01,120.66,120.89,37224033
2023-07-20,120.28,122.93,117.11,118.08,37906763
2023-07-21,119.49,119.86,117.62,118.9,71606474
2023-07-24,120.52,121.85,119.85,120.39,29723667
2023-07-25,120.22,122,119.89,121.07,52509551
2023-07-26,128.85,129.75,127.12,128.06,61682093
2023-07-27,130.44,131.99,127.58,128.19,44952074
2023-07-28,129.56,132.49,129.35,131.34,36591158
2023-07-31,131.49,132.28,130.55,131.48,28055531
2023-08-01,129.56,131.39,129.46,130.32,23276440
2023-08-02,128.24,128.87,126.37,127.18,26273258
2023-08-03,126.77,128.18,126.23,127.25,20159528
2023-08-04,128.07,130.28,126.71,126.91,26147158
2023-08-07,127.95,130.38,127.81,130.3,22746290
2023-08-08,129.4,130.28,128.34,130.17,23535181
2023-08-09,130.43,130.8,127.79,128.45,24912918
2023-08-10,130.09,130.81,128.24,128.48,20857754
2023-08-11,127.46,128.71,126.97,128.35,19591080
2023-08-14,128.18,130.14,127.75,130.1,24695608
2023-08-15,129.87,130.19,128.07,128.57,19770732
2023-08-16,127.5,129.06,126.67,127.5,25216068
2023-08-17,128.58,130.75,128.08,128.7,33446280
2023-08-18,127.31,128.04,125.2,126.27,30504769
2023-08-21,125.99,127.53,125.38,127.17,25248729
2023-08-22,127.31,129.06,127.12,127.87,22067520
2023-08-23,128.96,132.16,128.65,131.13,27819713
2023-08-24,132.7,132.99,128.36,128.57,28500694
2023-08-25,128.33,129.54,126.06,128.66,26762891
2023-08-28,130.08,131.3,128.92,129.78,20543266
2023-08-29,131,135.29,131,133.31,43075556
2023-08-30,133.52,135,132.82,134.61,28315769
2023-08-31,134.74,136.71,134.52,134.9,30053800
2023-09-01,136.17,136.17,133.59,134.39,21543687
2023-09-05,134.17,135.14,133.32,134.5,19403112
2023-09-06,134.75,135.25,132.42,133.2,18684534
2023-09-07,132.34,134.31,131.71,133.99,18844342
2023-09-08,133.65,135.38,133.59,135.1,23584188
2023-09-11,135.26,136.19,134.52,135.64,20763350
2023-09-12,134.98,135.59,133.92,134.07,18405505
2023-09-13,133.83,135.62,132.89,135.43,20749496
2023-09-14,136.31,137.4,134.96,136.81,24750968
2023-09-15,136.69,137.22,135.2,136.11,38919614
2023-09-18,135.33,137.86,135.33,136.92,21861346
2023-09-19,136.13,137.11,135.34,136.75,20353653
2023-09-20,136.79,136.79,132.37,132.49,29927475
2023-09-21,130.21,130.99,128.85,129.22,31503910
2023-09-22,129.54,130.79,128.39,129.03,26397337
2023-09-25,128.61,129.94,127.75,129.88,20094643
2023-09-26,128.56,129.14,126.03,127.37,25718704
2023-09-27,127.37,129.67,127.37,129.32,22746452
2023-09-28,128.62,132.05,128.58,131.07,22513132
2023-09-29,132.03,132.8,129.14,129.64,30859790
2023-10-02,129.98,133.16,129.94,132.91,22288038
2023-10-03,132.69,133,130.61,131.19,22989401
2023-10-04,131.55,134.3,131.29,133.97,26752295
2023-10-05,133.81,134.22,132.2,133.81,19832615
2023-10-06,132.76,136.87,132.76,136.29,27597598
2023-10-09,135.66,137.64,134.34,137.12,19278070
2023-10-10,137.2,138.41,136.04,136.77,27786613
2023-10-11,137.28,139.79,137.28,139.23,25884303
2023-10-12,139.73,139.9,136.97,137.67,24765537
2023-10-13,138.08,138.69,135.34,136.07,23435599
2023-10-16,136.88,138.32,136.7,137.8,28501871
2023-10-17,137.33,138.59,135.9,138.41,23515780
2023-10-18,138.14,139.4,136.09,136.67,23374998
2023-10-19,137.2,138.35,136.09,136.46,26066011
2023-10-20,136.04,136.58,133.82,134.33,26335673
2023-10-23,133.78,136.37,132.7,135.22,26317930
2023-10-24,136.54,138.06,136.13,137.51,44814321
2023-10-25,126.96,127.11,123.9,124.43,84366208
2023-10-26,122.12,123.17,120.13,121.14,57061140
2023-10-27,121.73,122.16,119.08,121.03,44561626
2023-10-30,122.06,124.23,121.6,123.29,28940081
2023-10-31,123.89,124.2,121.54,122.92,26292342
2023-11-01,122.91,125.31,122.56,125.27,30082438
2023-11-02,127.22,127.77,125.74,126.3,27124647
2023-11-03,126.82,128.32,126.66,127.89,26393109
2023-11-06,127.84,129.12,127.47,129.03,19052740
2023-11-07,129.49,130.68,128.66,129.74,29757276
2023-11-08,129.74,130.97,129.56,130.61,26425849
2023-11-09,130.72,131.31,128.85,129.02,23747773
2023-11-10,128.89,131.56,128.2,131.35,26927826
2023-11-13,130.55,131.35,130.02,130.85,18324751
2023-11-14,132.93,134.43,132.07,132.37,32395178
2023-11-15,133.61,133.77,132.32,133.36,23861515
2023-11-16,133.92,135.94,133.06,135.65,28013179
2023-11-17,134.73,134.79,132.4,134.04,37287691
2023-11-20,132.44,135.38,132.37,134.97,27850762
2023-11-21,135.01,135.9,134.69,135.69,22635272
2023-11-22,136.18,138.11,136.18,137.19,17820456
2023-11-24,136.74,136.84,134.72,135.41,12514322
2023-11-27,134.76,137.12,134.73,135.13,23436526
2023-11-28,134.81,135.97,134.15,135.92,18730032
2023-11-29,136.28,137,133.58,133.73,23967222
2023-11-30,133.79,134.28,130.05,131.29,38988263
2023-12-01,130.63,130.87,129.45,130.63,31442263
2023-12-04,128.66,128.81,126.7,128.06,36669876
2023-12-05,127.74,130.9,127.05,129.76,27384784
2023-12-06,130.21,130.61,128.66,128.8,23576176
2023-12-07,133.78,137.26,133.44,135.65,56767100
2023-12-08,132.94,135.12,132.78,133.73,32260112
2023-12-11,131.14,132.09,130.13,132.04,31138011
2023-12-12,130.58,131.76,130.03,131.28,29032831
2023-12-13,132.13,132.25,130.34,131.33,30104775
2023-12-14,132.13,132.47,128.48,130.7,38722413
2023-12-15,130.39,132.26,129.95,131.36,50847113
2023-12-18,131.39,135.87,131.19,134.53,32257967
2023-12-19,135.56,136.18,134.81,135.37,25476753
2023-12-20,137.67,140.37,136.78,137.05,49107179
2023-12-21,138.18,139.37,137.88,139.11,27488284
2023-12-22,139.45,140.66,139.39,140.17,26532199
2023-12-26,140.26,141.34,139.87,140.2,16780333
2023-12-27,140.26,140.75,138.58,139.06,19628618
2023-12-28,139.46,139.82,138.44,138.92,16045712
2023-12-29,138.32,139.05,137.48,138.38,18733017
2024-01-02,137.25,138.14,135.2,136.88,23711220
2024-01-03,135.97,138.32,135.8,137.62,24212147
2024-01-04,137.12,137.86,135.07,135.11,27137735
2024-01-05,135.47,135.88,133.88,134.46,22513854
2024-01-08,135.01,137.71,134.98,137.54,21403982
2024-01-09,137.2,140.17,136.86,139.63,24759598
2024-01-10,139.68,141.66,139.59,140.95,21320203
2024-01-11,142.15,143.86,139.32,140.75,24008722
2024-01-12,141.33,141.86,140.49,141.31,18785514
2024-01-16,140.67,143,140.13,141.16,22670467
2024-01-17,140.03,140.51,137.6,140.15,20968649
2024-01-18,140.72,142.86,140.66,142.14,25746417
2024-01-19,143.39,145.08,143.03,145.01,34271867
2024-01-22,145.72,147,144.47,144.62,32200369
2024-01-23,144.52,145.8,144.14,145.66,21636129
2024-01-24,147.15,148.46,146.71,147.31,25233450
2024-01-25,148.67,151.62,148.14,150.45,29149069
2024-01-26,149.69,151.11,149.6,150.77,26115494
2024-01-29,150.64,152.34,150.01,152.07,27784259
2024-01-30,151.37,152.18,149.77,150.04,36331833
2024-01-31,142.28,142.65,138.56,138.79,71910044
2024-02-01,140.79,141.72,139.47,139.84,40466549
2024-02-02,137.96,141.28,135.22,141.05,62499574
2024-02-05,141.48,144.11,141.44,142.34,38505405
2024-02-06,143.3,144,141.85,142.75,29128201
2024-02-07,143.4,144.26,142.58,144.18,25208862
2024-02-08,144.46,144.96,143.75,144.54,22563764
2024-02-09,145.31,148.04,144.81,147.61,26829504
2024-02-12,147.03,147.94,145.99,146.15,21564085
2024-02-13,143.56,145.3,142.34,143.78,27837730
2024-02-14,144.71,145.15,142.74,144.57,22704166
2024-02-15,141.8,142.18,139.15,141.43,37590695
2024-02-16,141.65,141.85,138.83,139.2,31468926
2024-02-20,138.35,140.75,138.18,139.8,24935710
2024-02-21,140.13,141.35,139.36,141.22,23315687
2024-02-22,143.57,143.64,141.46,142.74,27191892
2024-02-23,142.33,143.33,142.09,142.61,19493752
2024-02-26,140.81,141.11,136.1,136.28,53641795
2024-02-27,136.73,137.95,135.81,137.58,33099190
2024-02-28,136.61,136.72,134.14,135.1,37328558
2024-02-29,135.99,137.56,135.12,137.16,42132953
2024-03-01,137.13,137.57,135.64,135.86,31151116
2024-03-04,134.39,134.39,130.68,132.1,55999415
2024-03-05,130.65,131.99,129.45,131.43,40194757
2024-03-06,131.87,132.33,129.63,130.17,35318610
2024-03-07,131.56,133.68,130.38,133.12,37738209
2024-03-08,132.95,136.8,132.75,134.14,39370392
2024-03-11,134.86,137.8,134.86,136.38,32437772
2024-03-12,135.75,138.08,135.75,137.2,27563354
2024-03-13,137.7,139.77,137.69,138.48,23347208
2024-03-14,139.87,142.25,139.15,141.76,42753387
2024-03-15,141.17,141.84,138.72,139.86,49475417
2024-03-18,147.22,150.73,145.79,146.3,69273699
2024-03-19,146.77,147.4,144.71,145.65,24070435
2024-03-20,146.61,147.47,145.37,147.35,21311501
2024-03-21,148.07,148.96,145.52,146.22,24755597
2024-03-22,147.72,150.16,147.59,149.36,29211769
2024-03-25,148.54,148.97,146.44,148.67,19229285
2024-03-26,148.81,150.83,148.58,149.26,22149137
2024-03-27,149.76,150.22,147.51,149.46,22879178
2024-03-28,149.44,150.01,148.76,149.52,24485390
2024-04-01,149.28,154.28,149.2,154.03,31730848
2024-04-02,152.06,153.25,150.73,153.11,24585985
2024-04-03,152.16,153.63,151.3,153.47,24704991
2024-04-04,152.06,153.32,149.04,149.12,34724738
2024-04-05,148.63,151.98,148.2,151.07,23459246
2024-04-08,151.35,153.82,151.18,153.4,20701974
2024-04-09,154.63,157.08,153.74,155.13,31113013
2024-04-10,154.75,155.14,153.23,154.68,22838629
2024-04-11,155.44,158.19,155,157.92,27166431
2024-04-12,156.48,158.72,155.67,156.25,25353746
2024-04-15,157.37,157.75,153.14,153.41,27136472
2024-04-16,152.75,154.19,151.99,152.95,20779495
2024-04-17,154.16,155.61,153.13,154.01,21763130
2024-04-18,153.89,155.47,153.17,154.55,19883044
2024-04-19,154.74,154.9,150.87,152.65,32615639
2024-04-22,152.87,156.16,152.62,154.82,26446206
2024-04-23,155.49,157.48,154.82,156.78,21151568
2024-04-24,156.02,158.08,155.7,157.64,22779112
2024-04-25,149.91,155.03,149.46,154.54,57109730
2024-04-26,172.74,173.07,168.06,170.34,64665299
2024-04-29,167.48,167.96,163.66,164.59,45610024
2024-04-30,164.06,166.53,161.08,161.26,33562861
2024-05-01,162.76,165.56,161.56,162.33,33493151
2024-05-02,163.25,165.17,162.36,165.06,24294549
2024-05-03,165.99,166.39,161.52,165.67,34662432
2024-05-06,165.89,166.57,164.48,166.53,21871283
2024-05-07,166.92,170.15,166.81,169.65,28039696
2024-05-08,167.42,168.56,167.16,167.79,19569146
2024-05-09,167.8,169.09,166.61,168.37,15346700
2024-05-10,166.46,168.26,164.63,167.07,29799931
2024-05-13,162.72,167.7,162.46,167.56,31327602
2024-05-14,168.18,169.65,167.22,168.75,25127138
2024-05-15,169.03,171.03,168.91,170.9,26948370
2024-05-16,171.67,173.48,171.07,172.55,27867947
2024-05-17,172.55,174.62,172.06,174.41,24479262
2024-05-20,174.54,177.1,174.43,175.26,22554400
2024-05-21,175.24,176.48,174.16,176.19,16989369
2024-05-22,174.99,175.49,173.57,174.73,17880042
2024-05-23,175.41,176.58,171.33,171.93,21024935
2024-05-24,173.34,174.12,172.02,173.35,16579438
2024-05-28,172.82,175.61,172.74,174.75,20572157
2024-05-29,173.79,175.18,173.08,174.25,23388693
2024-05-30,173.56,173.58,170.18,170.5,22958677
2024-05-31,170.25,171.44,167.85,170.89,37638876
2024-06-03,170.92,172.9,169.56,171.55,27459118
2024-06-04,171.66,172.22,170.28,172.16,26879596
2024-06-05,173.56,175,172.3,173.77,22068519
2024-06-06,174.25,175.49,174.1,175.08,23251013
2024-06-07,175.39,176.21,172.67,172.83,19661399
2024-06-10,173.52,175.6,171.33,173.56,23779218
2024-06-11,174.76,175.38,172.33,175.16,21540582
2024-06-12,176.78,178.92,174.65,176.32,27864737
2024-06-13,174.65,175.28,173.43,173.71,20913299
2024-06-14,172.78,175.6,172.71,175.33,18063555
2024-06-17,174.01,176.89,173.36,175.77,19618497
2024-06-18,175.68,175.92,172.66,173.64,21869857
2024-06-20,173.92,175.82,173.54,174.84,20160085
2024-06-21,175.54,179.35,175.15,178.14,58582743
2024-06-24,178.67,179.39,177.19,177.74,18298012
2024-06-25,178.13,182.77,177.94,182.51,23235589
2024-06-26,181.12,182.98,180.97,182.36,19838972
2024-06-27,182.66,184.51,182.5,183.88,18848884
2024-06-28,182.8,183.6,180.46,180.64,29156644
2024-07-01,181.52,182.36,179.8,181.48,16006128
2024-07-02,180.54,184.04,180.06,183.71,17372485
2024-07-03,183.32,184.55,182.48,184.28,10242126
2024-07-05,184.32,189.28,184.26,189.02,20967450
2024-07-08,188.33,188.6,186.23,187.47,21035886
2024-07-09,188.74,189.78,187.16,187.42,15141312
2024-07-10,187.59,190.16,187.47,189.6,15952454
2024-07-11,188.28,189.28,183.55,184.04,25625784
2024-07-12,183.55,185.56,182.96,183.54,22898406
2024-07-15,183.39,186.68,183.39,184.99,16474043
2024-07-16,185.81,187.12,181.85,182.4,18290722
2024-07-17,181.46,182.03,178.41,179.52,20734071
2024-07-18,180.43,180.99,175.01,176.22,25315727
2024-07-19,177.4,178.8,175.67,176.19,18881885
2024-07-22,179.1,181.19,178.74,180.17,24100345
2024-07-23,180.54,182.09,180.04,180.29,36352714
2024-07-24,172.16,174.73,170.4,171.2,49585203
2024-07-25,171.09,171.99,165.81,165.9,44851973
2024-07-26,165.77,166.7,162.7,165.62,41336886
2024-07-29,167.43,169.02,166.6,168.13,20293822
2024-07-30,168.83,169.81,167.05,168.88,18959686
2024-07-31,171.81,172.81,168.6,170.12,25729090
2024-08-01,168.84,172.61,167.48,169.35,24531392
2024-08-02,165.06,167.12,163.31,165.28,29130102
2024-08-05,154.21,163.07,153.65,157.93,53630673
2024-08-06,158.01,159.24,155.12,156.98,49004561
2024-08-07,159.92,161.63,157.16,157.63,25138573
2024-08-08,159.18,162.34,158.89,160.69,25578839
2024-08-09,158.69,162.44,157.74,162.32,28602285
2024-08-12,162.99,163.54,160.5,160.95,15895286
2024-08-13,162.06,163.37,161.62,162.8,18551690
2024-08-14,161.06,161.87,156.41,159.04,40591126
2024-08-15,159.17,160.3,158.29,159.97,31524252
2024-08-16,160.13,163.7,159.8,161.61,24208647
2024-08-19,163.91,165.31,162.9,165.29,22416185
2024-08-20,165.52,167.25,165.44,165.8,18341533
2024-08-21,163.78,165.47,163.31,164.48,22901997
2024-08-22,165.88,166.2,161.96,162.45,22493275
2024-08-23,163.36,164.81,162.48,164.25,13955741
2024-08-26,165,166.16,163.1,164.79,14190417
2024-08-27,164.47,165.06,163.1,163.32,11821941
2024-08-28,163.68,164.23,160.19,161.5,16407444
2024-08-29,162.95,164.6,158.92,160.44,19699767
2024-08-30,161.28,162.31,160.35,162.03,22123811
2024-09-03,160.38,160.51,155.19,156.06,38945301
2024-09-04,155.36,157.69,154.67,155.16,19353759
2024-09-05,155.01,158.13,154.69,155.94,18688747
2024-09-06,156,156.52,149.31,149.67,37912130
2024-09-09,151.45,152.33,146.19,147.67,39260451
2024-09-10,149.4,150.21,147.3,147.62,31118765
2024-09-11,148.87,150.44,146.49,150.11,29607693
2024-09-12,152.73,153.74,151.58,153.61,29695048
2024-09-13,154.35,157.27,154.13,156.36,29591152
2024-09-16,156.21,157.15,155.51,156.96,18379775
2024-09-17,157.91,159.43,157.27,158.21,20715612
2024-09-18,158.74,159.38,157.49,158.69,23677315
2024-09-19,162.57,162.65,160.21,161.01,26587733
2024-09-20,162.36,162.59,160.93,162.45,40896438
2024-09-23,163.2,164.34,160.54,160.72,24150852
2024-09-24,161.89,162.08,159.57,161.16,23332147
2024-09-25,160.34,161.67,160.17,160.36,18869199
2024-09-26,162.5,162.93,161.15,161.59,20319336
2024-09-27,161.67,164.54,161.5,162.81,21101307
2024-09-30,162.18,164.99,162.12,164.69,20481303
2024-10-01,166.52,167.98,163.43,165.82,28338123
2024-10-02,165.26,166.35,163.58,164.7,17760179
2024-10-03,163.26,165.48,162.78,164.7,15073101
2024-10-04,166.89,167.06,164.33,165.89,19093724
2024-10-07,166.55,167.3,161.61,161.84,22463140
2024-10-08,162.8,163.58,161.73,163.23,23072733
2024-10-09,162.31,163.69,158.63,160.73,31181774
2024-10-10,159.75,161.93,159.28,160.95,14144068
2024-10-11,161,162.76,160.11,162.1,15344251
2024-10-14,162.5,165.07,162.26,163.81,19016141
2024-10-15,164.63,166.51,163.48,164.31,20247195
2024-10-16,163.38,164.64,162.6,164.01,16406030
2024-10-17,164.57,165.21,161.62,161.79,21453395
2024-10-18,162.05,163.56,161.94,162.28,19757661
2024-10-21,161.81,163.35,161.49,162.93,20946455
2024-10-22,161.84,164.61,161.84,163.99,16568121
2024-10-23,163.61,164.66,160.8,161.64,18280518
2024-10-24,161.69,162.19,159.89,161.58,22412527
2024-10-25,162.53,164.43,162.28,164.12,19828884
2024-10-28,167.57,167.57,162.81,165.56,32138641
2024-10-29,166.56,169.19,165.92,168.5,42169025
2024-10-30,179.42,180.75,172.85,173.24,68890787
2024-10-31,171.92,175.59,169.81,169.92,44768981
2024-11-01,168.88,171.12,167.7,170.09,31796477
2024-11-04,168.74,169.54,166.84,168.06,21492744
2024-11-05,168.25,169.34,167.66,168.56,18242050
2024-11-06,172.59,175.71,172.29,175.28,33695538
2024-11-07,176.17,179.82,175.95,179.49,25352939
2024-11-08,179.39,179.64,176.84,177.11,22006182
2024-11-11,177.33,179.29,177.22,179.09,17450354
2024-11-12,178.57,181.22,178.14,180.35,25134905
2024-11-13,179.2,179.7,177.29,177.63,23184003
2024-11-14,177.04,177.57,173.1,174.35,31007457
2024-11-15,172.52,172.92,170.03,171.29,32504649
2024-11-18,172.21,174.22,171.69,174.08,20206613
2024-11-19,172.51,177.62,172.35,176.88,23434925
2024-11-20,176.1,176.44,172.57,174.75,18997111
2024-11-21,172.69,172.91,162.56,166.46,59734379
2024-11-22,164.69,165.3,162.76,163.61,38604587
2024-11-25,164.93,167.45,164.45,166.48,33135263
2024-11-26,166.46,168.63,166.41,167.94,20486720
2024-11-27,167.82,168.3,166.85,168.05,19266511
2024-11-29,167.32,168.25,165.99,167.77,14257244
2024-12-02,167.59,170.88,167.39,170.29,23789084
2024-12-03,170.29,171.47,169.66,170.14,22248705
2024-12-04,169.96,173.69,169.87,173.15,31615137
2024-12-05,174.14,174.83,171.13,171.44,21356243
2024-12-06,170.83,173.86,170.66,173.49,21462393
2024-12-09,172.94,175.22,172.63,174.34,25389631
2024-12-10,181.77,185.26,179.98,184.08,54813022
2024-12-11,184.22,194.46,183.76,194.25,67894071
2024-12-12,193.85,194.03,190.58,190.83,34817486
2024-12-13,189.89,191.6,188.52,188.7,25143495
2024-12-16,191.74,197.83,191.49,195.5,44934901
2024-12-17,196.09,200.23,193.83,194.27,43504025
2024-12-18,194.07,195.84,186.64,187.29,34166074
2024-12-19,190.5,191.89,187.27,187.4,32265241
2024-12-20,184.69,191.75,184.13,190.28,63462934
2024-12-23,191.49,193.95,189.03,193.48,25675014
2024-12-24,193.69,194.96,192.64,194.96,10403259
2024-12-26,194,195.59,193.24,194.45,12057210
2024-12-27,193.8,194.17,189.53,191.63,18891362
2024-12-30,188.68,191.42,188.01,190.11,14264659
2024-12-31,189.96,190.83,187.4,188.19,17466919
2025-01-02,189.53,190.87,186.4,188.32,20370828
2025-01-03,190.24,192.07,188.86,190.66,18596159
2025-01-06,192.84,197.05,192.71,195.71,29563638
2025-01-07,195.95,199.82,193.45,194.34,26487244
2025-01-08,191.44,195.13,191.25,192.81,24864766
2025-01-10,193.16,195.36,189.19,190.91,26665206
2025-01-13,188.95,190.05,186.26,189.89,21823699
2025-01-14,190.11,190.85,187.2,188.54,17174854
2025-01-15,191.95,195.2,190.73,194.4,21775969
2025-01-16,193,194.33,191.68,191.77,17815432
2025-01-17,195.37,196.07,192.61,194.85,27735089
2025-01-21,197.9,201.1,196.71,196.88,29971292
2025-01-22,197.89,199.3,196.37,197.2,26200617
2025-01-23,196.97,199.12,194.05,196.81,26951357
2025-01-24,196.93,199.72,196.83,199.03,23877521
2025-01-27,191.28,195.72,189.61,190.68,41728893
2025-01-28,191.62,194.33,189.56,194.15,24157929
2025-01-29,194.41,195.63,192.29,194.26,18218256
2025-01-30,196.83,200.21,196.51,199.69,24354684
2025-01-31,200.81,204.27,200.61,202.82,32041952
2025-02-03,199.51,202.55,198.92,200.05,27838348
2025-02-04,202.19,205.83,201.62,205.17,43856425
2025-02-05,189.95,191.62,186.92,190.2,70461770
2025-02-06,188.38,190.97,187.61,190.47,29297442
2025-02-07,189.93,190.05,182.16,184.25,49314961
2025-02-10,186.25,187.09,184.77,185.37,23105649
2025-02-11,183.94,185.84,183.2,184.23,21239519
2025-02-12,182.14,184.02,180.76,182.53,22072559
2025-02-13,183.24,185.18,182.06,185.04,21402523
2025-02-14,183.97,185.3,183.24,184.14,20448437
2025-02-18,184.51,184.87,180.67,182.69,29916675
2025-02-19,182.99,184.37,182.51,184.18,19549396
2025-02-20,183.71,184.22,181.64,183.47,20441462
2025-02-21,184.06,184.25,178.03,178.6,35199239
2025-02-24,180.92,182.04,177.84,178.2,29854206
2025-02-25,176.99,177.69,173.66,174.39,41913411
2025-02-26,174.04,175.04,170.57,171.71,35431268
2025-02-27,172.97,173.53,166.95,167.51,39991015
2025-02-28,167.69,169.61,165.79,169.28,48130565
2025-03-03,170.92,172.35,164.95,166.03,40770451
2025-03-04,165.26,172.27,164.82,169.91,45387996
2025-03-05,169.52,172.76,168.07,172,30954922
2025-03-06,169.53,173.78,169.5,171.34,28301953
2025-03-07,170.25,173.94,169.27,172.84,27385813
2025-03-10,167.47,167.67,162.92,165.09,43604027
2025-03-11,164.14,165.97,160.61,163.27,39587414
2025-03-12,165.8,166.85,162.76,166.33,28372396
2025-03-13,165.26,165.35,161.35,162,31756214
2025-03-14,162.5,165.71,161.69,164.71,31995894
2025-03-17,164.26,165.52,162.9,163.52,31184335
2025-03-18,162.91,163.48,155.98,159.92,42074751
2025-03-19,161,165.09,160.24,163.12,34275582
2025-03-20,160.81,164.12,160.2,162.04,28138464
2025-03-21,160.45,163.47,160.14,163.22,36625764
2025-03-24,166.29,167.53,164.37,166.89,30879129
2025-03-25,168.19,169.83,167.53,169.76,24174373
2025-03-26,168.21,168.81,164.07,164.29,28939326
2025-03-27,163.86,164.64,161.24,161.48,24508273
2025-03-28,159.74,161.06,152.91,153.61,48669335
2025-03-31,152.39,154.81,149.95,153.91,54603464
2025-04-01,152.9,157.36,152.9,156.33,30672899
2025-04-02,154.42,157.67,153.97,156.3,25041730
2025-04-03,150.4,152.06,149.68,150.01,46883371
2025-04-04,147.32,150.36,144.7,144.92,62259539
2025-04-07,140.89,152.13,139.87,146.06,76794136
2025-04-08,150.51,151.53,142.36,144.02,52200208
2025-04-09,143.74,158.8,143.23,157.97,70406232
2025-04-10,155.81,156.98,149.23,152.1,48021972
2025-04-11,152.18,156.93,152.1,156.4,33636239
2025-04-14,159.25,160.96,156.82,158.32,30332957
2025-04-15,158.38,158.9,154.48,155.58,27551534
2025-04-16,152.38,155.16,150.8,152.61,28187421
2025-04-17,153.57,153.95,147.8,150.45,33046576
2025-04-21,148.18,148.25,145.41,146.98,26049115
2025-04-22,148.19,151.48,147.84,150.76,26971774
2025-04-23,154.88,156.79,153.09,154.62,31128833
2025-04-24,155.42,158.84,155.06,158.53,45893951
2025-04-25,164.3,165.32,160.28,161.2,56033995
2025-04-28,161.67,162.38,157.86,159.86,29745782
2025-04-29,159.58,159.99,156.78,159.41,26808958
2025-04-30,157.24,158.52,154.67,158.06,34981059
2025-05-01,159.7,161.19,158.16,160.54,30203248
2025-05-02,162.64,164.2,161.11,163.26,25715005
2025-05-05,162.24,164.61,161.96,163.44,21341814
2025-05-06,161.41,164.03,160.43,162.46,21277210
2025-05-07,163.31,164.23,147.15,150.67,127747554
2025-05-08,154.27,155.2,152.18,153.56,57498692
2025-05-09,153.45,154.32,151.49,152.03,32435281
2025-05-12,156.75,158.35,155.52,157.72,44138818
2025-05-13,158.05,159.82,155.43,158.78,42382126
2025-05-14,159.21,166.22,158.86,164.59,48755869
2025-05-15,165.06,165.43,161.61,163.19,33146669
2025-05-16,166.94,168.56,164.84,165.41,42846925
2025-05-19,163.74,165.86,163.45,165.76,30426097
2025-05-20,165.65,167.71,162.14,163.21,46607656
2025-05-21,162.92,172.33,162.79,167.77,73415956
2025-05-22,171.04,175.94,169.91,170.07,74864418
2025-05-23,168.27,169.16,167.1,167.68,35211439
2025-05-27,169.36,172.36,169.2,172.09,37995670
2025-05-28,172.35,174.45,171.1,171.55,34783997
2025-05-29,173.18,173.6,169.83,171.05,29373803
2025-05-30,170.55,171.4,166.65,170.93,52639911
2025-06-02,167.05,169.07,166.6,168.24,38612272
2025-06-03,166.7,167.69,164.5,165.4,45084903
2025-06-04,165.96,167.43,165.58,167.26,26900838
2025-06-05,169.54,170.13,166.8,167.42,36444564
2025-06-06,170.03,173.68,170.03,172.87,35731832
2025-06-09,173.93,175.85,173.76,175.47,28935906
2025-06-10,175.58,180.48,174.3,177.98,61766121
2025-06-11,179.14,179.74,176.13,176.73,31646757
2025-06-12,175.56,176.1,174.14,175.09,20941873
2025-06-13,171.84,176.51,171.79,174.06,27663107
2025-06-16,174.12,176.32,174.04,176.15,27389208
2025-06-17,175.09,176.74,173.97,175.34,24973043
2025-06-18,175.39,175.94,172.59,172.71,28707524
2025-06-20,173.34,173.73,164.88,166.06,75659917
2025-06-23,165.69,166.76,161.43,164.61,57670985
2025-06-24,166.34,167.63,165.55,166.19,40524312
2025-06-25,167.04,171.76,166.96,170.08,35478989
2025-06-26,171.83,173.08,169.35,172.93,31796690
2025-06-27,172.93,178.06,171.13,177.91,108140200
2025-06-30,180.15,180.6,173.97,175.61,63378856
2025-07-01,175.13,175.47,172.92,175.23,35904526
2025-07-02,174.93,178.23,174.46,178.02,29128947
2025-07-03,177.88,179.04,176.43,178.9,21689729
2025-07-07,178.43,178.67,175.07,176.17,34175648
2025-07-08,177.23,177.33,172.21,173.75,40442535
2025-07-09,174.64,178.81,172.17,176,43025594
2025-07-10,175.02,177.81,173.77,177,29252386
2025-07-11,176.17,180.8,175.86,179.56,34282922
2025-07-14,180.38,183.03,179.05,180.93,32536632
2025-07-15,182.17,183.58,180.97,181.36,33448251
2025-07-16,182.6,183.69,181.39,182.33,33104193
2025-07-17,181.5,183.42,179.85,182.94,31992565
2025-07-18,184.75,185.77,183.07,184.41,34014509
2025-07-21,185.6,189.62,185.5,189.44,45803129
2025-07-22,190.83,190.98,186.8,190.67,44660215
2025-07-23,190.83,191.86,188.52,189.57,58681948
2025-07-24,196.34,197.26,190.33,191.5,74881687
2025-07-25,191.31,193.65,190.59,192.5,39785863
2025-07-28,192.97,193.37,190.17,191.91,38139504
2025-07-29,191.76,195.24,191.41,195.07,41389153
2025-07-30,194.92,196.91,194.01,195.84,32445405
2025-07-31,195.03,195.31,190.42,191.23,51329163
2025-08-01,188.37,190.16,187.16,188.47,34832181
2025-08-04,189.62,194.59,189.46,194.36,31547350
2025-08-05,194.03,197.17,193.21,193.99,31602340
2025-08-06,193.82,195.94,192.99,195.4,21562908
2025-08-07,196.37,196.85,193.65,195.83,26321811
2025-08-08,196.53,201.9,196.48,200.72,39161826
2025-08-11,200.24,200.78,198.37,200.3,25832435
2025-08-12,200.67,203.79,199.89,202.63,30424452
2025-08-13,203.42,203.82,196.82,201.25,28342922
2025-08-14,200.8,203.73,200.53,202.23,25230427
2025-08-15,203.14,205.72,200.58,203.19,34931422
2025-08-18,203.49,204.55,201.78,202.79,18526594
2025-08-19,202.32,202.73,199.26,200.87,24240233
2025-08-20,200.03,200.58,195.91,198.62,28955498
2025-08-21,199.05,201.77,198.73,199.05,19774633
2025-08-22,202.02,207.81,200.6,205.37,42827040
2025-08-25,205.71,209.78,204.56,207.76,29928878
2025-08-26,206.78,207.12,204.98,206.42,28464130
2025-08-27,204.98,208.18,204.93,206.75,23022850
2025-08-28,206.53,211.48,206.18,210.9,32339307
2025-08-29,209.77,213.9,209.47,212.17,39728364
2025-09-02,207.71,210.94,205.48,210.61,47523037
2025-09-03,225.42,230.5,224,229.85,103336125
2025-09-04,228.85,231.56,225.32,231.49,51684167
2025-09-05,231.39,234.94,231.09,234.18,46576660
2025-09-08,234.86,237.51,233.06,233.43,32474743
2025-09-09,233.56,239.85,232.62,239.01,38060959
2025-09-10,238.28,241.03,237.23,238.55,35141074
2025-09-11,239.26,241.62,235.64,239.75,30599328
2025-09-12,239.75,241.45,237.38,240.17,26771610
2025-09-15,244.02,251.75,244.02,250.96,58383796
2025-09-16,251.43,252.38,248.82,250.51,34109720
2025-09-17,250.57,250.95,245.64,248.88,34107992
2025-09-18,251.03,253.33,249.15,251.38,31239474
2025-09-19,252.59,255.34,251.16,254.06,55571424
2025-09-22,253.77,255.12,249.65,251.87,32290538
2025-09-23,252.38,253.7,249.83,251.01,26628016
2025-09-24,251.01,251.69,245.8,246.5,28201003
2025-09-25,243.77,245.85,240.11,245.15,31020383
2025-09-26,246.43,248.77,245.33,245.9,18503194
2025-09-29,247.21,250.5,242.14,243.42,32505777
2025-09-30,242.18,242.66,238.63,242.47,34724346
2025-10-01,240.12,245.66,237.99,244.26,31658234
2025-10-02,244.51,246.17,241.67,245.05,25483298
2025-10-03,243.86,245.66,241.03,244.71,30249559
2025-10-06,244.14,250.67,243.94,249.78,28894653
2025-10-07,247.63,249.79,244.88,245.12,23181285
2025-10-08,244.32,245.37,243.19,243.98,21307104
2025-10-09,243.84,244.12,238.53,240.9,27892086
2025-10-10,240.8,243.46,235.23,235.96,33180323
2025-10-13,239.59,243.87,239.09,243.52,24995028
2025-10-14,240.6,246.48,239.89,244.81,22111572
2025-10-15,246.61,251.46,245.35,250.38,27007690
2025-10-16,251.12,256.29,249.45,250.81,27997159
2025-10-17,250.11,253.56,247.17,252.64,29671629
2025-10-20,254.03,256.66,253.57,255.88,22350155
2025-10-21,254.08,254.22,243.52,249.81,47312098
2025-10-22,253.71,255.69,248.64,251.04,35029370
2025-10-23,252.32,254.38,251.2,252.42,19901425
2025-10-24,255.91,261,254.66,259.25,28655126
2025-10-27,264.13,269.44,263.59,268.57,35235231
2025-10-28,268.99,270.03,265.81,266.78,29738564
2025-10-29,267.05,274.62,266.97,273.86,43580277
2025-10-30,290.83,290.83,279.33,280.75,74875990
2025-10-31,282.47,285.26,276.31,280.46,39267945
2025-11-03,281.45,284.79,279.07,282.98,29785996
2025-11-04,276.03,280.54,275.54,276.82,30078369
2025-11-05,278.15,285.68,276.62,283.57,31010302
2025-11-06,284.59,287.6,280.41,284.01,37173648
2025-11-07,282.47,283.04,274.48,278.11,34479588
2025-11-10,283.68,290.04,282.13,289.35,29557309
2025-11-11,287,291.16,286.57,290.55,19842136
2025-11-12,290.92,291.25,282.95,285.97,24829923
2025-11-13,281.61,282.11,276.52,277.85,29494040
2025-11-14,270.71,277.84,270,275.69,31647227
2025-11-17,285.04,293.19,282.83,284.28,52670192
2025-11-18,287.17,288.05,277.48,283.54,49158743
2025-11-19,286.41,303.02,285.89,292.05,68198944
2025-11-20,303.75,305.62,287.92,288.7,62025218
2025-11-21,295.65,303.13,293.09,298.88,74137697
2025-11-24,310.32,318.65,308.8,317.75,85165123
2025-11-25,325.36,327.98,316.83,322.6,88632074
2025-11-26,319.85,323.66,315.97,319.12,51373361
2025-11-28,322.53,326,315.97,319.35,26018568
2025-12-01,316.87,319.02,313.07,314.07,41182956
2025-12-02,315.92,317.55,313.09,314.99,35854744
2025-12-03,315.07,320.74,313.28,318.8,41838317
2025-12-04,321.39,321.52,313.88,316.8,31240924
2025-12-05,318.66,322.32,318.34,320.44,28851705
2025-12-08,319.44,319.83,310.63,313.12,33909433
2025-12-09,311.78,317.39,311.31,316.48,30194027
2025-12-10,315.23,320.7,314.08,319.6,33428923
2025-12-11,319.47,320.51,308.01,311.84,42353697
2025-12-12,313.1,314.27,304.98,308.7,35940170
2025-12-15,310.73,310.83,304.3,307.63,29151889
2025-12-16,304.37,310.18,302.02,305.99,30585020
2025-12-17,307.43,307.5,295.56,296.16,43930358
2025-12-18,301.15,303.38,298.66,301.89,33518048
2025-12-19,301.16,306.67,300.4,306.58,59943239
2025-12-22,309.29,309.54,304.72,309.19,26429937
2025-12-23,309.04,314.34,308.73,313.75,25478670
2025-12-24,314.17,314.48,311.33,313.49,10097361
2025-12-26,313.88,314.49,311.69,312.91,10899017
2025-12-29,310.78,313.42,310.03,312.96,19621777
2025-12-30,311.91,316.35,311.87,313.25,17380888
2025-12-31,312.26,313.98,310.85,312.41,16377689
2026-01-02,316.3,321.89,309.74,314.55,32009385
2026-01-05,317.06,318.41,314.03,315.94,30195597
2026-01-06,315.8,320.33,311.19,313.74,31212101
2026-01-07,313.76,325.53,313.59,321.37,35104425
2026-01-08,328.35,329.69,320.89,324.82,31896101
2026-01-09,326.47,330.2,325.18,327.95,26214166
2026-01-12,325.18,333.41,324.38,331.23,33923928
2026-01-13,334.31,339.84,332.99,335.33,33517607
2026-01-14,334.42,335.88,329.85,335.2,28525571
2026-01-15,337.01,337.05,330.11,332.15,28442406
2026-01-16,333.78,334.01,327.08,329.37,40341637
2026-01-20,320.26,327.11,319.82,321.39,35361045
2026-01-21,320.31,331.85,318.74,327.76,35386603
2026-01-22,333.81,334.51,328.13,329.91,26253640
2026-01-23,331.86,333.06,326.83,327.31,27279974
2026-01-26,327.19,335.2,326.38,332.63,26042120
2026-01-27,334.73,337.27,332.85,333.91,21636164
2026-01-28,335.42,336.9,331.31,335.37,27434434
2026-01-29,339.65,341.64,325.92,337.61,39785612
2026-01-30,339.35,339.35,331.66,337.36,31023954
2026-02-02,335.58,344.18,334.99,343.04,32006052
2026-02-03,346.68,348.34,336.83,339.06,36506709
2026-02-04,342.31,342.66,327.9,332.41,70618398
2026-02-05,311.63,332.06,305.88,330.62,88205849
2026-02-06,326.56,329.75,319.31,322.25,56380484
2026-02-09,320.32,327.08,316.66,323.7,39640055
2026-02-10,320.36,321.06,314.01,317.98,39170012
2026-02-11,318.36,320.45,309.07,310.37,45406405
2026-02-12,311.5,315.64,306.62,308.41,47761288
2026-02-13,307.15,308.04,303.13,305.14,38499701
2026-02-17,299.47,303.86,295.69,301.45,39247556
2026-02-18,301.52,304.8,300.68,302.75,28482075
2026-02-19,301.25,304.89,299.47,302.27,25834395
2026-02-20,303.74,315.9,303.32,314.38,53210820
2026-02-23,318.44,318.91,309.28,310.9,31422974
2026-02-24,309.93,311.68,305.35,310.31,25615646
2026-02-25,311.47,313.04,308.85,312.31,29963621
2026-02-26,312.05,312.55,301.78,306.8,36431231
2026-02-27,303.56,311.78,303.22,311.17,44640640
2026-03-02,302.65,307.9,300.73,305.94,34790203
2026-03-03,298.02,303.36,296.15,303,35496961
2026-03-04,302.31,304.89,300.18,302.55,29536190
2026-03-05,302.46,302.72,297.42,300.31,35752321
2026-03-06,295.53,299.96,294.62,297.95,25576916
2026-03-09,294.01,306.43,293.73,305.99,29312149
2026-03-10,305.8,309.14,305.2,306.67,23239684
2026-03-11,306.38,311.05,305.55,308.33,24125714
2026-03-12,306.45,308.57,300.67,303.19,24928347
2026-03-13,306.64,307.32,300.08,301.92,23693092
2026-03-16,303.98,306.12,302.66,305.19,23519709
2026-03-17,305.49,311.05,305.13,310.55,21955171
2026-03-18,308.9,312.1,306.56,307.32,20009815
2026-03-19,303.65,307.69,301.99,306.76,25075831
2026-03-20,305.09,305.63,297.91,300.64,44364079
2026-03-23,301.75,305.61,300.57,301.7,29326946
2026-03-24,298.84,299.56,289.98,290.09,36864278
2026-03-25,293.09,295.64,288.89,290.58,29460669
2026-03-26,287.56,287.6,278.17,280.58,39080578
2026-03-27,276.95,279.03,273.62,274.01,35890612
2026-03-30,276.09,276.76,271.78,273.17,35141244
2026-03-31,277.71,287.73,276.76,287.21,43875400
2026-04-01,290.49,300.16,290.06,297.03,37684462
2026-04-02,290.34,297.72,289.1,295.42,21666465
2026-04-06,295.52,300.26,294.83,299.63,16945494
2026-04-07,302.37,305.26,297.36,305.09,23205361
2026-04-08,320.07,321.69,314.64,316.94,33547140
2026-04-09,315.53,319.16,310.69,318.11,23739173
2026-04-10,319.64,321.44,315.94,316.86,19152630
2026-04-13,316.76,321.24,315.09,320.92,18866424
2026-04-14,324.4,332.89,323.36,332.51,27721351
2026-04-15,332.49,337.08,330.5,336.72,24918842
2026-04-16,338.34,339.47,334.12,335.62,20541487
2026-04-17,337.24,341.91,335.84,341.27,25581881
2026-04-20,340.35,340.99,336.21,337.02,18784226
2026-04-21,337.28,338.93,330.95,331.89,23123795
2026-04-22,336.62,339.41,334.77,338.91,20293014
2026-04-23,340.77,341.55,335.78,338.48,18650256
2026-04-24,338.32,344.86,334.99,343.99,26426061
2026-04-27,345.56,352.76,342.32,349.92,28576887
2026-04-28,348.13,352,345.7,349.36,27824052
2026-04-29,347.15,355.36,343.8,349.52,35376328
2026-04-30,373.62,385.38,365.38,384.34,72039993
2026-05-01,381.17,386.3,378.6,385.23,30105226
2026-05-04,385.17,386.92,379.33,382.79,26298574
2026-05-05,385.77,392.35,383.56,387.96,23878626
2026-05-06,393.78,399.37,392.29,397.56,31308476
2026-05-07,399.44,399.62,392.21,397.51,24433490
2026-05-08,396.52,401.52,395.88,400.32,21461849
2026-05-11,393.18,396.96,388,388.17,30753738
2026-05-12,386.88,388.05,382.31,386.89,26017488
2026-05-13,385.14,403.22,384.54,402.14,28144555
2026-05-14,396.8,402.45,395.37,400.59,21136716
2026-05-15,395.84,399.06,392.71,396.3,20309702
2026-05-18,395.22,408.12,394.06,396.46,26837196
2026-05-19,396.48,396.67,385.65,387.19,39545672
2026-05-20,387.23,393.39,382.44,388.44,31744404
2026-05-21,385.24,392.03,382.56,387.19,24852843
2026-05-22,386.89,388.27,381.31,382.51,20442123
2026-05-26,384.05,388.79,382.14,388.41,27747388
2026-05-27,386.21,393.41,385.44,388.36,23087287
2026-05-28,387.53,391.4,384.7,389.66,24357455
2026-05-29,384.78,384.78,378.01,379.88,44415846
2026-06-01,376.07,378.11,373.07,375.92,28672120
2026-06-02,366.15,373.09,358.01,361.42,50412300
2026-06-03,361.6,366.01,357.65,358.56,55441583
2026-06-04,358.47,372.8,357.78,371.74,44055520
2026-06-05,365.9,371.63,363.68,368.09,37471206
2026-06-08,364.96,365.98,360.31,363.09,27942464
2026-06-09,366.87,371.86,357.09,364.04,29535072
2026-06-10,362.97,368.34,354.99,356.17,32357132
2026-06-11,355.72,358.58,346.15,357.56,35538165
2026-06-12,362.4,366.35,354.73,359.46,24731019
2026-06-15,367.71,372.77,366.33,369.13,27727493
2026-06-16,369.38,375.77,366.84,373.03,24876095
2026-06-17,368.91,372.11,361.8,363.57,24543644
2026-06-18,365.53,369.26,358.45,367.81,44470070
2026-06-22,357.74,358.7,341.52,349.47,52814764
2026-06-23,340.49,349.08,340,345.92,34007652
2026-06-24,348.83,353.27,341.72,345.08,44997277
2026-06-25,336.53,345.36,335.64,343.5,44564576
2026-06-26,342.34,346.15,330,337.19,114706326
2026-06-29,341.62,354.14,340.47,353.44,34213932
2026-06-30,353.66,358.4,350.19,357.16,35237231
2026-07-01,358.16,362.75,356.22,360.99,26736445
2026-07-02,359.26,363.99,353.21,359.69,25999346
2026-07-06,361.33,367.71,357.17,366.24,26915808
2026-07-07,368.85,372.94,365.28,366.81,24045581
2026-07-08,364.54,367.62,357.81,361.7,22094769
2026-07-09,354.1,359.43,350.87,358.67,24729093
2026-07-10,357.32,357.61,352.54,356.97,18146146
2026-07-13,355.98,357.92,351.54,352.3,15901732
2026-07-14,350.99,359.94,350.88,359.29,18259355
2026-07-15,357.76,373.43,357.55,370.7,28284564
2026-07-16,372.84,375.04,352.09,354.25,41158466
2026-07-17,345.79,348.31,341.16,346.56,29959283
2026-07-20,350.67,359.46,350.31,351.78,24736644
2026-07-21,351.11,351.11,346.79,346.94,23369833
2026-07-22,347.95,349.73,341.53,341.88,39334140
2026-07-23,320.94,324.3,314.71,317.5,69419700
2026-07-24,318.23,323.99,317.13,319.55,31806553
2026-07-27,324.85,330.22,324.26,326.36,28471593
2026-07-28,327.7,335.68,324.25,333.51,29511940
2026-07-29,334.47,342.29,331.42,336.51,27501632
2026-07-30,334,336.31,330.14,333.46,30168000
2026-07-31,340.63,358.36,339.8,355.92,46498023
2026-08-03,365.23,376.46,363.13,373.29,38669652
2026-08-04,368,380.29,367.28,377.42,35705703
2026-08-05,383.11,384.25,356.56,362.21,46926339
2026-08-06,360.55,363.91,356.67,357.54,25235895
2026-08-07,356.51,358.68,353.57,354.09,19859905
2026-08-10,354.97,357.4,352.5,357.31,18991368
2026-08-11,355.68,356.6,343.18,343.59,29081802
2026-08-12,346.1,346.27,340.68,343.33,25011987
2026-08-13,345.56,347.72,343.55,346.15,17866072
2026-08-14,346.59,350.24,344.29,345.69,17808598
2026-08-17,346.06,347.04,341.72,343.79,18291309
2026-08-18,342.2,344.66,339.99,343.99,19248828
2026-08-19,342.25,346.52,340.46,344.51,19733808
2026-08-20,342.85,343.69,338.37,340.47,18570357
2026-08-21,342.37,345.99,340.2,344.61,20849776
2026-08-24,343.41,351.39,342.28,347.85,26338229
2026-08-25,349.43,349.95,345.39,346.75,20649680
2026-08-26,346.41,346.67,339.98,341.79,20420257
2026-08-27,339.47,341.49,338.32,340.45,23391389
2026-08-28,340.51,348.93,340.07,346.38,25347206
2026-08-31,343.62,344.38,336.96,339.15,33493632
2026-09-01,335.8,337,332.85,334.82,23342665
2026-09-02,333.86,339.8,332.62,336.92,22582286
2026-09-03,340.36,344.47,339.86,342.27,20726904
2026-09-04,342.47,343.53,337.09,338.46,23189321
